,PCA1,PCA2,neg,neu,pos
29,-0.0610895782578776,-0.0565103383315901,0.0,1.0,0.0
535,-0.0815732432430564,-0.0421941102948643,0.0,1.0,0.0
695,0.3088210254944702,0.0952313162210723,0.0,0.53,0.47
557,-0.0666236884164554,-0.0309425457566673,0.0,0.69,0.31
836,0.1746005491252682,-0.0295031789072841,0.0,0.833,0.167
596,0.0497655650530979,0.0072863731817387,0.244,0.366,0.39
165,-0.0772610184567889,-0.0581853976149915,0.0,0.912,0.088
918,-0.0684932109464175,-0.0531593261677831,0.0,1.0,0.0
495,-0.0899981800306958,-0.0705935417143678,0.0,0.8,0.2
824,-0.0764159700273222,-0.0882302377380798,0.0,1.0,0.0
65,-0.0719873076577351,-0.0588120438569491,0.0,1.0,0.0
141,-0.0760370647296992,-0.0760344716278706,0.0,1.0,0.0
925,-0.0090034123975403,-0.0097716768452559,0.0,0.921,0.079
827,-0.1008905187976054,0.1089114000411472,0.0,0.752,0.248
655,-0.0678791281261736,-0.0584933462386423,0.0,1.0,0.0
331,0.2107021317277995,-0.0126728513598786,0.0,0.405,0.595
664,-0.1200848456150502,0.273624982055345,0.0,1.0,0.0
249,0.1501312825209936,-0.0179360613910991,0.0,0.8,0.2
907,-0.0697576986242298,-0.0594430358415754,0.333,0.667,0.0
708,-0.1066964057855638,0.1915545852965327,0.0,1.0,0.0
305,-0.0687813493276133,-0.0530735010232766,0.0,1.0,0.0
734,-0.0830094158364447,-0.0972380098871791,0.0,1.0,0.0
975,-0.0771799635902857,-0.0579121074427905,0.0,0.736,0.264
49,-0.0685699795565594,-0.0621318225568693,0.0,0.717,0.283
896,-0.0782555124591463,-0.071349669002511,0.0,1.0,0.0
2,-0.0684772375570029,-0.0678560980523001,0.432,0.568,0.0
544,-0.0755630740975035,-0.0711801078052587,0.0,1.0,0.0
350,0.386165568616588,0.0411160263183551,0.0,0.667,0.333
904,-0.0184153245555032,0.2016601476443248,0.0,1.0,0.0
536,-0.0723114186329125,-0.0628324091317621,0.583,0.417,0.0
344,-0.1235153249353198,0.251338717509835,0.0,1.0,0.0
994,-0.1284321230784366,0.2527079984284355,0.0,1.0,0.0
481,-0.0610300835851803,-0.0576766045824422,0.0,1.0,0.0
575,-0.0639382946062152,-0.0414521513534673,0.0,1.0,0.0
33,-0.0557798682316351,-0.0274249316166505,0.0,0.349,0.651
31,0.3243155095918903,0.0205242931066223,0.0,0.8,0.2
231,-0.0506842059856575,0.0039832966479742,0.0,1.0,0.0
963,-0.0636589982198778,-0.044387126724736,0.0,0.809,0.191
192,-0.0664609762120825,-0.0557120994463301,0.0,1.0,0.0
333,-0.0699488533531114,-0.0471127528077062,0.0,0.656,0.344
3,-0.1134312489327781,0.0928842548964016,0.205,0.795,0.0
204,-0.0788316947149927,-0.0562523969244145,0.0,0.769,0.231
514,-0.0711345601709354,-0.0444926368382269,0.0,1.0,0.0
799,0.3921659360567375,0.005257872583321,0.0,0.667,0.333
306,0.4486699840399084,0.0442318678562538,0.0,0.6,0.4
109,-0.0838554308413478,-0.0724679913282148,0.0,1.0,0.0
430,3.086645329489455e-05,-0.0330691644898665,0.0,0.888,0.112
77,-0.1067130064600752,0.0538053592677524,0.0,0.683,0.317
84,-0.0589505546288343,-0.0205133716519281,0.0,1.0,0.0
286,-0.0697519704900574,-0.0391083057024488,0.0,1.0,0.0
82,-0.0708546820055246,-0.0562947235745001,0.434,0.566,0.0
991,-0.0654320230615349,-0.0558858915755504,0.0,1.0,0.0
789,0.0715344851768116,-0.0345651116116072,0.0,0.724,0.276
894,0.2539868508986436,0.0025681022256702,0.0,0.667,0.333
398,-0.0744990614278305,-0.0704438128039889,0.0,1.0,0.0
323,0.3117476077360482,-0.0034469823277081,0.0,0.5,0.5
519,0.0220431568715939,-0.0246467157501551,0.179,0.821,0.0
916,-0.0935424066657381,0.0262776098919805,0.0,0.884,0.116
922,0.0916668897335793,0.0194522339008209,0.0,1.0,0.0
5,0.3740113980793103,0.0320478445789338,0.0,0.75,0.25
731,0.254368131645974,0.0071006101032742,0.0,0.714,0.286
465,-0.0676917171871827,0.0320524489884597,0.0,0.882,0.118
97,-0.0814310178379107,-0.0081689349752062,0.0,1.0,0.0
266,-0.0726777742933728,-0.0510422668626611,0.0,1.0,0.0
357,-0.0801937177027227,-0.0999726390848833,0.232,0.493,0.275
868,-0.0766299928590968,-0.0340499689939204,0.0,1.0,0.0
798,0.0290245675928197,-0.0199065478063266,0.623,0.377,0.0
380,-0.0095356530705401,-0.0574476774252193,0.0,0.788,0.212
631,-0.0615680076141541,-0.0554580138596712,0.0,1.0,0.0
381,0.1918990004323664,-0.0212581318173159,0.354,0.553,0.092
490,-0.0921431851263506,0.0959440684863185,0.0,0.899,0.101
118,-0.0770436454860745,-0.0742690293064632,0.0,1.0,0.0
900,-0.0710835516805048,-0.0430345661669844,0.0,1.0,0.0
250,0.196494475352906,-0.0174695361100538,0.0,0.875,0.125
523,0.3275717625633728,0.0224247913443696,0.0,0.714,0.286
9,-0.0672217029663446,-0.0501485726942447,0.292,0.708,0.0
196,-0.0593538603031035,-0.0523015119589215,0.0,1.0,0.0
603,-0.0680964948244111,-0.0595374763715366,0.0,1.0,0.0
81,0.2216731700959717,-0.0166300262456706,0.417,0.388,0.194
783,-0.070231183756231,-0.0582204204429212,0.0,1.0,0.0
587,-0.050084931504063,-0.0265947202998513,0.0,1.0,0.0
797,-0.1473727230861014,0.3033832272930797,0.0,1.0,0.0
239,-0.1063364988118603,0.0618424201843146,0.0,1.0,0.0
290,-0.1115173267504319,0.1372280476782627,0.0,1.0,0.0
211,-0.069402990334,-0.0540305051895422,0.154,0.846,0.0
717,-0.0518382164613204,-0.0204711720406405,0.0,1.0,0.0
359,0.1690365847096905,0.00212882343444,0.0,0.778,0.222
449,-0.0703527074491335,-0.05795207239852,0.0,1.0,0.0
227,-0.0686749931578241,-0.0494550241948487,0.36,0.64,0.0
950,-0.0706229511857651,-0.0552689548784498,0.0,0.323,0.677
946,-0.0714211125411807,-0.0561385300280895,0.0,0.192,0.808
796,-0.0586125933659554,-0.0379764195235466,0.0,0.756,0.244
501,-0.0761910765506383,-0.0573541319078057,0.0,0.727,0.273
464,-0.1390396241115255,0.2413190657361906,0.0,0.822,0.178
362,-0.1112499612755433,0.1752549673010524,0.259,0.741,0.0
468,-0.057356297613063,-0.0251441486093943,0.0,1.0,0.0
935,0.0797496894112072,-0.0393644598486625,0.0,0.802,0.198
428,0.1446089455691029,-0.0215185017757814,0.0,0.772,0.228
7,0.1316100831509527,-0.0417619338684137,0.0,0.875,0.125
155,-0.0796472841230254,-0.0726968453900322,0.0,1.0,0.0
541,-0.0672217029446021,-0.0501485970315668,0.0,1.0,0.0
440,-0.0034078468548085,-0.0573944501657878,0.222,0.626,0.151
482,0.2194499994599382,-0.0135157563585742,0.0,0.667,0.333
422,-0.0665211993547838,-0.0497332661643203,0.0,1.0,0.0
778,0.1713397574879742,-0.0512658938203572,0.0,0.49,0.51
949,-0.0661021435876899,-0.05187230463411,0.0,1.0,0.0
334,-0.0780964313789643,-0.0597003752715569,0.0,0.735,0.265
576,-0.0767230298126778,-0.066128996154561,0.0,0.264,0.736
934,-0.0767458583295258,-0.0028772577158582,0.0,1.0,0.0
567,-0.0627669048567806,-0.0252070292030894,0.684,0.316,0.0
594,0.3193656048231139,0.0380443228361691,0.0,0.495,0.505
530,0.4253353532662776,0.0099728911472234,0.0,0.778,0.222
581,0.2324409252035422,0.0226010683326991,0.0,0.795,0.205
707,-0.122067340263487,0.2053412454478657,0.0,1.0,0.0
448,-0.067221702916071,-0.0501485342482265,0.605,0.395,0.0
453,-0.0681058289549268,-0.052093442068312,0.0,1.0,0.0
228,0.0415740898616032,-0.0445612741110528,0.0,0.75,0.25
352,-0.0519146805725604,0.0276609606252819,0.0,0.715,0.285
728,-0.0681472713297237,-0.0544333804994754,0.0,0.294,0.706
212,0.2256253751632007,-0.017426454690584,0.293,0.471,0.236
79,-0.0728447742530148,-0.0724960856183008,0.0,1.0,0.0
148,0.1302050042985077,-0.0176175048877569,0.0,0.833,0.167
302,-0.1079215672329514,0.0883739247717198,0.0,0.854,0.146
628,-0.065638985337231,-0.0511311287137782,0.0,1.0,0.0
777,-0.0691013977216586,-0.0556561701470345,0.63,0.37,0.0
506,0.1828812540113457,0.0052972760174172,0.0,0.515,0.485
342,-0.1004446907299385,0.1907583507557732,0.0,1.0,0.0
485,-0.0930237608989756,-0.0786948905785152,0.0,1.0,0.0
711,0.148150716621318,-0.0229445942986101,0.0,0.657,0.343
133,-0.0647228863648648,-0.0643658579692149,0.0,0.51,0.49
703,-0.1426562941683679,0.3822458645355699,0.0,1.0,0.0
311,-0.0479352108723283,-0.0264844166958839,0.0,1.0,0.0
722,0.0708716063945313,0.2132602072365491,0.0,0.837,0.163
629,0.1066865020403328,-0.015321336807778,0.0,0.786,0.214
0,0.3696511681451535,0.0180613632976788,0.279,0.541,0.18
316,0.2291022528596062,0.003380634449433,0.0,0.598,0.402
706,-0.0633972128533447,-0.049577457121341,0.0,0.263,0.737
547,0.5108993370419856,0.160664664094712,0.0,0.667,0.333
872,-0.118506276569353,0.2143753334920641,0.0,1.0,0.0
532,0.4748354874130155,0.0458309856876268,0.0,0.714,0.286
477,0.0862299388486059,-0.0233375996951442,0.0,0.571,0.429
404,-0.0698377543524934,-0.0377740750682322,0.0,1.0,0.0
172,-0.0634340688935555,-0.0216017033728917,0.0,0.895,0.105
125,0.1784850205189207,-0.0239899732424562,0.0,0.714,0.286
394,-0.0827156884419565,-0.0953572868991202,0.081,0.919,0.0
420,-0.0645389833908906,-0.0385924233521955,0.0,1.0,0.0
552,-0.0522162057616901,0.0063165337706589,0.0,1.0,0.0
903,-0.0663892721786855,-0.0608211947315953,0.0,0.517,0.483
90,0.1723613170851696,-0.0053365556977819,0.0,0.596,0.404
939,0.0254997282073807,-0.032125471442737,0.0,1.0,0.0
181,-0.1113096235114598,0.1678443075537424,0.0,1.0,0.0
274,0.1502801321905519,-0.0278240010344707,0.0,0.8,0.2
895,-0.0906558468520457,-0.1129018436001224,0.111,0.889,0.0
69,-0.0624336234365872,-0.0451726663429764,0.0,1.0,0.0
291,0.1056032809584325,0.0002798356809614,0.0,0.714,0.286
131,-0.0696520367655121,-0.0360739470404503,0.0,0.79,0.21
300,-0.067221702992685,-0.0501486091418744,0.0,0.408,0.592
424,0.2485240719028586,0.0039033531630883,0.0,0.818,0.182
326,0.8853907141012881,0.1179519920887051,0.0,0.8,0.2
144,-0.0732397511499175,-0.0503345100096491,0.0,1.0,0.0
423,-0.0623850633327805,-0.034836550054291,0.0,0.842,0.158
580,-0.0688687106539261,-0.053883620679151,0.0,0.51,0.49
135,-0.1187185285704516,0.2119443505428302,0.0,1.0,0.0
450,-0.0969766135737708,0.138953740147326,0.0,1.0,0.0
164,0.1769466817255387,-0.0122929532956565,0.161,0.71,0.129
28,-0.0485895301565498,-0.0419240632998328,0.0,1.0,0.0
773,0.3419053736800489,0.0229109454140948,0.0,0.667,0.333
193,-0.0830967744592092,-0.0270529943700494,0.0,1.0,0.0
388,0.5860413781979986,0.0722225722735945,0.0,0.6,0.4
852,-0.0677335765369328,-0.0529901356631584,0.0,1.0,0.0
169,-0.0724776401825743,-0.1017617587214535,0.0,1.0,0.0
705,-0.073975182469189,-0.0856485403721938,0.0,1.0,0.0
140,-0.1000131866929286,0.1584002007175929,0.0,0.722,0.278
173,-0.0658455186457086,-0.0214050074590915,0.0,1.0,0.0
6,0.1209108236382685,-0.0144326259460871,0.162,0.602,0.236
745,-0.0610634684738994,-0.053578980620371,0.0,1.0,0.0
478,-0.0680532422095354,-0.0662628559112488,0.0,1.0,0.0
73,0.1834405738432522,0.0172041666962164,0.189,0.541,0.27
910,0.2411698095767818,-0.0378929996377393,0.0,0.477,0.523
813,-0.0606978004139075,0.0356028475524553,0.0,1.0,0.0
238,-0.0797799393113364,-0.0798641548502898,0.0,1.0,0.0
145,-0.121554454131514,0.2186346656668622,0.0,1.0,0.0
792,-0.0697177902779,-0.0590426469416913,0.0,0.694,0.306
234,0.0978805893390921,0.0160075764483484,0.0,0.846,0.154
220,-0.0680008413816809,-0.0535597919658702,0.0,1.0,0.0
923,-0.0713293987203621,-0.0236776198949945,0.0,1.0,0.0
500,-0.0818460267898681,-0.0702094217875002,0.0,1.0,0.0
132,-0.1180495969559316,0.1699719761622305,0.0,0.725,0.275
990,-0.0660143760474038,-0.0726230263040158,0.0,0.841,0.159
774,-0.0616956680936879,-0.050464225516036,0.0,0.577,0.423
185,-0.0873865072340519,-0.0985856852827641,0.0,1.0,0.0
41,-0.0672217029297925,-0.0501486220841317,0.0,0.484,0.516
696,-0.0736297861218718,-0.0515179640870385,0.15,0.85,0.0
108,0.020851635456434,-0.0056712887351532,0.0,1.0,0.0
588,-0.1078498191432949,0.1449396627431302,0.0,1.0,0.0
56,-0.065713791202356,-0.05568120435641,1.0,0.0,0.0
405,0.0406933030234418,-0.0419626390673742,0.0,0.667,0.333
442,-0.0787383266378477,-0.0849201324566484,0.0,1.0,0.0
757,0.142111604330582,-0.0234879315103654,0.0,0.889,0.111
997,-0.066659340341752,-0.0406025584350141,0.0,1.0,0.0
24,-0.1244063282046598,0.2410382139521784,0.0,1.0,0.0
467,-0.0677710991832411,-0.0533072087441102,0.0,0.606,0.394
539,0.3199459183822735,0.0080306546121223,0.0,0.778,0.222
531,0.2393222319613441,0.0126799671773064,0.0,0.867,0.133
618,-0.079544092502673,-0.0719435476033295,0.0,0.82,0.18
694,0.1026827256540761,-0.020906894629474,0.0,0.916,0.084
926,-0.1242854145723905,0.3276244706596977,0.0,0.894,0.106
338,0.3320616794822916,0.0239408534760444,0.0,0.753,0.247
51,0.2381167546132562,0.0746253880456254,0.199,0.64,0.16
507,-0.1138460963885431,0.194997663325866,0.0,1.0,0.0
516,-0.0651503682625832,-0.0157504575232679,0.083,0.779,0.138
920,-0.0733272726597671,-0.064985842260792,0.0,1.0,0.0
781,-0.0634756828298401,-0.0226476661584955,0.0,1.0,0.0
264,0.2059004018003283,0.0503821955988279,0.0,0.818,0.182
817,0.5071810744969949,0.0656076097895007,0.0,0.714,0.286
710,-0.0717649937888267,-0.0490761261747756,0.344,0.656,0.0
682,-0.0689973406832502,-0.0551313038430667,0.0,1.0,0.0
832,-0.0708057906733125,-0.0604319131888954,0.0,1.0,0.0
518,-0.0555269660550603,-0.0163760798119446,0.0,0.6,0.4
447,0.0115105242895239,-0.009691562263754,0.201,0.597,0.201
18,-0.0769917896681195,-0.0305057549499495,0.0,0.543,0.457
715,-0.0687971719498197,-0.0472804915992873,0.0,1.0,0.0
483,-0.0722128363843291,-0.0054767488082134,0.0,1.0,0.0
568,0.0166365233654033,-0.0281020477294558,0.0,1.0,0.0
433,-0.0764280979152851,-0.0558289073640148,0.194,0.806,0.0
367,0.0632575075154419,0.0478016240636233,0.0,1.0,0.0
83,0.0090854190075544,0.2925158584229029,0.0,0.686,0.314
61,-0.0720301871707089,-0.068357579018411,0.0,1.0,0.0
638,0.0154289077705977,-0.0376338347103248,0.45,0.55,0.0
272,-0.1186520249906905,0.2471186801766764,0.0,1.0,0.0
285,-0.0676366308401783,-0.0769614094549968,0.0,1.0,0.0
360,-0.0755061203034881,-0.0446471660581175,0.0,0.708,0.292
354,0.2912576196684857,0.0151641517707567,0.0,0.75,0.25
456,-0.0790883435799383,-0.0677270044436532,0.0,0.857,0.143
278,0.1418969040580864,-0.0258528485337621,0.0,0.807,0.193
12,-0.0587478466084743,-0.038309569424093,0.0,1.0,0.0
182,0.3264249726223887,0.0355850762476392,0.0,0.833,0.167
368,-0.0841330464318677,-0.0800289279733812,0.091,0.909,0.0
881,-0.076139103583857,-0.0617413052913178,0.677,0.323,0.0
615,0.2826646560401622,2.2952618878598603e-05,0.0,0.84,0.16
223,-0.0691622213599336,-0.0422347867370567,0.0,1.0,0.0
572,-0.0728018589238752,-0.06499428382323,0.0,0.816,0.184
970,-0.0859531162558426,-0.1074974360819292,0.195,0.805,0.0
653,-0.1014314202404575,0.1511158759264207,0.0,1.0,0.0
545,-0.0574926415574069,-0.0514922228243657,0.0,1.0,0.0
582,-0.0677007444584062,0.0063142053880769,0.0,1.0,0.0
633,0.2480912663588634,0.0003565688575416,0.0,0.612,0.388
176,-0.0745257148442937,-0.0625113211260837,0.151,0.703,0.146
665,-0.0781784106480836,-0.0253311940864887,0.0,1.0,0.0
673,-0.0703644469417462,-0.0578416956021666,0.0,0.435,0.565
585,-0.0111072789638257,0.1109388875858061,0.0,0.826,0.174
873,-0.1027661390440226,0.1750337473256692,0.0,1.0,0.0
393,-0.0758436784194442,-0.035309393194869,0.0,0.526,0.474
163,0.2356420238326941,-0.016939291905595,0.0,0.778,0.222
248,-0.005902009574562,-0.0427736584822504,0.0,0.881,0.119
634,0.1374871368286447,-0.0275166710416213,0.0,1.0,0.0
885,-0.061357395337284,-0.0060585245627201,0.0,1.0,0.0
669,-0.0672217029862925,-0.0501486215904927,0.511,0.489,0.0
375,-0.0620820934537132,-0.0622706606443039,0.0,1.0,0.0
412,-0.0690557743459377,-0.0618181761880418,0.0,1.0,0.0
74,-0.0673560577976434,-0.0547961323333479,0.0,0.896,0.104
113,0.0370461595759765,-0.0224068416776874,0.0,1.0,0.0
598,-0.0911028206053577,-0.0981934932263257,0.0,0.737,0.263
961,-0.0734315022918193,-0.0772898675173777,0.0,1.0,0.0
390,0.1509396261014403,-0.0269540540734627,0.0,0.857,0.143
104,-0.1206298914305007,0.2192296772713114,0.0,1.0,0.0
114,0.1813294237046044,0.0233006050082514,0.0,0.617,0.383
417,-0.0995149711125152,0.2399403097912563,0.0,1.0,0.0
525,-0.0717514623313508,-0.0630072713886437,0.0,1.0,0.0
457,-0.0801903295950129,-0.0819711384933409,0.0,0.739,0.261
409,0.4681477282734365,0.0529134938592362,0.412,0.294,0.294
92,0.0814692958484885,-0.0313015534189193,0.0,0.778,0.222
930,0.0610651775352691,-0.008546878394324,0.0,1.0,0.0
89,-0.0667074759693272,-0.0639821357925445,0.0,0.809,0.191
336,-0.0671580779936639,-0.0516770034942771,0.237,0.763,0.0
988,-0.0729524514867351,-0.0563738910726535,0.0,1.0,0.0
921,-0.0696403630870501,-0.0536560016379955,0.0,1.0,0.0
933,-0.1095129066842846,0.1854595655172873,0.0,1.0,0.0
605,-0.120415685577756,0.2080767782744176,0.0,0.426,0.574
593,-0.0706173390438631,-0.048202881649917,0.277,0.723,0.0
611,-0.091304953477864,0.0317944932505528,0.055,0.78,0.165
94,-0.069210750560519,-0.042983178253486,0.0,0.377,0.623
11,-0.0575709981078938,0.0005707521705139,0.0,1.0,0.0
396,-0.0979521897457052,0.0376244538051298,0.0,0.872,0.128
533,-0.0755419326323123,-0.078816260304307,0.0,1.0,0.0
43,-0.0824072988911337,-0.0781385021547234,0.0,0.816,0.184
42,-0.0762930122188366,-0.05327016080363,0.0,1.0,0.0
329,0.1747310286769779,-0.0265394017654621,0.263,0.526,0.211
167,0.4027722146568774,0.039871302203886,0.0,0.667,0.333
497,-0.0840956950785291,-0.0712651574615381,0.0,1.0,0.0
876,-0.0672217030631107,-0.0501485778371356,0.0,1.0,0.0
597,0.1476797392910195,0.0107117924024974,0.0,0.833,0.167
756,0.3117476077464544,-0.0034469688961128,0.0,0.6,0.4
100,0.1449963411948598,-0.0059160550460252,0.0,0.909,0.091
426,-0.0689543001126791,-0.0571018726345016,0.0,1.0,0.0
178,0.0409230203743064,-0.0554942191089411,0.0,1.0,0.0
444,-0.1434864843948456,0.3007887873900502,0.0,1.0,0.0
416,-0.0581922751756309,-0.0834298753050643,0.0,1.0,0.0
870,-0.0709619057753355,-0.0569177169108351,0.0,0.345,0.655
882,0.3984040200605193,0.0198934514448888,0.0,0.778,0.222
680,-0.1046420088132353,0.0573841563910667,0.0,0.857,0.143
177,-0.0724983150839063,-0.0774960413083012,0.444,0.556,0.0
395,-0.0690925890980852,-0.0507447588944683,0.0,1.0,0.0
911,-0.0587622392626467,-0.0502024647850174,0.0,0.714,0.286
793,-0.0646639029850527,-0.0468786416680263,0.0,1.0,0.0
960,-0.0521499374239597,-0.0155679512084143,0.0,1.0,0.0
684,-0.1135277874246695,0.2296181858369149,0.0,1.0,0.0
383,0.0372121483233395,0.0182128327247257,0.0,1.0,0.0
956,-0.1003189137297495,0.0867240465318009,0.0,1.0,0.0
751,-0.068376304706918,-0.0505681785746537,0.0,1.0,0.0
257,0.0636164236708783,-0.0096977555629472,0.0,0.548,0.452
538,-0.0791488526137494,-0.0995428439385471,0.0,0.8,0.2
335,-0.0712958033378676,0.0166941583597969,0.245,0.588,0.167
15,-0.0789529541077829,-0.0217427382351807,0.0,1.0,0.0
324,-0.0729059895110257,-0.0290215743094246,0.0,1.0,0.0
758,-0.1075354082562536,0.1022064459342113,0.0,0.83,0.17
222,0.1884549616978202,0.0636336921924936,0.0,0.703,0.297
179,-0.067548575149456,-0.0456273747752914,0.0,1.0,0.0
983,-0.116579383932817,0.1875100726505772,0.0,1.0,0.0
22,-0.1185062765786833,0.2143753153380529,0.333,0.667,0.0
356,-0.0824163432848707,-0.0687686347592896,0.0,1.0,0.0
666,-0.1060240943239029,0.1544316189499195,0.0,0.5,0.5
861,-0.0947870504772325,0.1712804044548156,0.0,1.0,0.0
340,-0.0688439642570014,-0.0192958925273664,0.0,1.0,0.0
431,-0.0808207540083728,-0.0751810635103741,0.0,1.0,0.0
551,0.3275717625635558,0.0224247829176406,0.0,0.714,0.286
833,-0.1398296950335443,0.3388257254724973,0.0,1.0,0.0
203,-0.0687268266324411,-0.0519908069864394,0.0,1.0,0.0
630,0.1860425213665878,-0.0082133562948682,0.0,0.714,0.286
93,0.2964338313251969,0.0439251181985661,0.0,0.75,0.25
558,-0.1035343501622254,0.200697495274584,0.0,1.0,0.0
68,-0.0726963080416305,-0.0767413325547078,0.0,1.0,0.0
622,-0.1185062765334792,0.2143753470382247,0.434,0.566,0.0
284,-0.0721848468847552,-0.0604638842030695,0.0,0.406,0.594
844,-0.0672217029191591,-0.0501485853106303,0.0,1.0,0.0
434,-0.0115421228206506,-0.0392233937521962,0.0,1.0,0.0
153,-0.0795224413764962,-0.0658756810924233,0.0,1.0,0.0
75,0.29270541420694,0.0252477308959244,0.0,0.778,0.222
730,-0.0768491011763407,-0.07686872977822,0.0,0.769,0.231
446,-0.0842297294942232,-0.0824275802000124,0.0,0.909,0.091
188,0.1575897841894096,-0.0065741243439659,0.0,0.583,0.417
271,-0.0791606106755634,-0.0545818410856783,0.0,1.0,0.0
236,-0.0766246751915796,-0.0891087234463577,0.0,1.0,0.0
487,0.3623834566146963,0.043454030693079,0.0,0.667,0.333
117,-0.1262845918102275,0.2649698950914341,0.0,1.0,0.0
943,0.2647241585554331,0.0109693749372234,0.0,0.647,0.353
512,0.3428614146018957,0.0259063112533595,0.0,0.75,0.25
825,-0.0648950483405113,-0.0406622178976653,0.0,0.515,0.485
591,-0.0723525386320587,-0.0540753571490089,0.0,1.0,0.0
126,-0.0801296766826745,-0.0685120497015399,0.0,0.626,0.374
116,-0.0949552322085083,0.1566355426248293,0.0,1.0,0.0
473,-0.0432266611882423,-0.0153686517266292,0.0,1.0,0.0
693,-0.09974125008066,0.1243772657729463,0.0,0.763,0.237
57,-0.0743049973345315,-0.0413009709216101,0.0,1.0,0.0
863,-0.0730127406959159,-0.0324527610500153,0.0,1.0,0.0
912,-0.0755401150767586,-0.0613141114204403,0.0,0.847,0.153
369,-0.0177672430518767,-0.0408141547422474,0.051,0.949,0.0
268,-0.1519920840614567,0.3693153038097534,0.0,1.0,0.0
46,-0.1193372251315618,0.1624194156450746,0.0,0.752,0.248
349,-0.0646074346834464,-0.0464762269437585,0.0,1.0,0.0
195,0.3886485678893974,0.0528391757320846,0.0,0.857,0.143
999,-0.0697522196420584,-0.0469968600777143,0.0,0.785,0.215
834,-0.0658911424569365,-0.0629262321833783,0.0,1.0,0.0
736,-0.0726903738213744,-0.0629521117241618,0.729,0.271,0.0
263,-0.0751205115331885,-0.0702027006983555,0.153,0.847,0.0
443,0.0512613900510758,0.0272480902036722,0.0,0.664,0.336
675,-0.0683017062108021,-0.0519414302727495,0.0,1.0,0.0
304,0.1223091463687397,-0.0380011432678331,0.095,0.448,0.457
341,-0.0651103030800739,-0.0447472064972127,0.0,1.0,0.0
966,-0.0755856618142917,-0.0545914013174796,0.0,1.0,0.0
149,-0.0846814265018162,-0.1014168069944614,0.0,0.705,0.295
124,-0.0683353048069723,-0.053314413375521,0.268,0.732,0.0
786,-0.0627480899026929,-0.0517178788111421,0.0,1.0,0.0
50,-0.0666011535033745,-0.0623483723041812,0.0,0.656,0.344
353,-0.0383918172639284,-0.0175981918547794,0.0,0.87,0.13
927,-0.0626659343788111,-0.0425969476674147,0.354,0.646,0.0
142,0.2797749940166818,0.0130752071040939,0.0,0.75,0.25
470,-0.1020540942254832,0.1931154724225603,0.0,0.588,0.412
399,0.3117476077400546,-0.0034469708513589,0.0,0.5,0.5
625,-0.1090164038305903,0.1807411506905882,0.0,0.87,0.13
320,-0.0907779635522915,-0.0921947530003898,0.345,0.655,0.0
19,-0.0804284072918337,-0.0849223949320951,0.0,0.723,0.277
809,-0.1139615634472795,0.1748667021892041,0.0,1.0,0.0
790,-0.1038952367497054,0.1254544574514929,0.0,0.354,0.646
808,0.2201074597121486,-0.0003657694921512,0.0,0.6,0.4
407,-0.0711202752287573,-0.0540311042864073,0.73,0.27,0.0
537,-0.0793115823515023,-0.0868699752248357,0.0,1.0,0.0
620,-0.1109497953483316,0.267465163806695,0.462,0.538,0.0
38,0.0084785196775913,0.2872649567120894,0.0,1.0,0.0
175,-0.0693179996122883,-0.0490134597368066,0.0,1.0,0.0
245,0.1260880723173287,-0.0289115214533226,0.0,0.576,0.424
828,-0.082009143097063,-0.0811487691833576,0.0,1.0,0.0
667,-0.0995313434215781,0.1645508503549953,0.0,1.0,0.0
754,-0.0312051893403777,-0.0554623139291857,0.0,1.0,0.0
858,-0.0761524160176543,-0.0666432128812606,0.154,0.846,0.0
154,-0.0732980527753878,-0.0546616856794057,0.0,1.0,0.0
287,-0.0707713470772997,-0.0607487338675464,0.0,0.65,0.35
602,0.2009015433109153,-0.006926838009487,0.0,0.846,0.154
569,0.1979070828303833,0.0225827451536884,0.0,0.846,0.154
743,-0.0786773560570052,-0.0453368117144909,0.189,0.732,0.079
17,0.3117476077466077,-0.0034469795926888,0.195,0.575,0.23
127,-0.092135399313448,-0.0874412477544625,0.0,1.0,0.0
322,0.4684165636036154,0.046677457106143,0.0,0.6,0.4
255,0.0876978145500158,0.0032129593712887,0.0,1.0,0.0
657,-0.0574029581692285,-0.0507645669881027,0.0,1.0,0.0
964,-0.1005385965774448,0.1369922338347634,0.0,1.0,0.0
190,-0.1136439078026856,0.1191716926210507,0.0,0.778,0.222
115,-0.0664245919204296,-0.0556693090387539,0.0,1.0,0.0
616,0.2034068265563696,-0.0271062760801074,0.0,0.404,0.596
606,-0.06786720799251,-0.0491472151413285,0.0,1.0,0.0
180,-0.0833995275226396,-0.0340048034515469,0.144,0.856,0.0
301,0.2989858182175927,0.0170511091643335,0.0,0.833,0.167
759,-0.0749872649779883,-0.0703851886618442,0.556,0.444,0.0
712,-0.1230993510124701,0.3809281439965948,0.0,1.0,0.0
723,0.2329465190355912,-0.0065347764093939,0.0,0.6,0.4
685,-0.0714153633833095,-0.0615238583380149,0.0,1.0,0.0
979,-0.0719922314527247,-0.0771721732103503,0.275,0.725,0.0
517,0.1864937048853539,-0.0054863328878861,0.0,0.403,0.597
984,-0.1255561559346262,0.2591891247158766,0.0,0.385,0.615
45,-0.0913395758571013,0.1267413013727356,0.0,1.0,0.0
909,-0.0672773846380241,-0.0551733212475753,0.62,0.38,0.0
157,-0.1109872863336305,0.114729219419101,0.0,1.0,0.0
851,-0.0681361175049495,-0.0409309806508176,0.0,1.0,0.0
171,-0.0624989890184211,-0.016949829036892,0.0,0.748,0.252
16,0.1688230596941045,-0.0465741185350975,0.286,0.529,0.185
511,-0.0627793325672711,-0.0693885368724463,0.0,0.687,0.313
48,-0.0689627588977645,-0.0548096321428937,0.0,1.0,0.0
971,-0.0620261056862987,-0.0487818100409817,0.0,1.0,0.0
940,0.4808590846807001,0.0553584393998272,0.0,0.714,0.286
515,-0.0672217029964016,-0.0501486620446605,0.787,0.213,0.0
952,-0.0628156919763193,-0.0304204317061427,0.0,0.902,0.098
480,0.1333395233451549,-0.0417551104575933,0.09,0.772,0.138
283,-0.0743508652100583,-0.0591099186198271,0.0,0.615,0.385
718,-0.1187351457634584,0.3191838871263143,0.0,1.0,0.0
877,-0.0780678788114409,-0.0903352571318908,0.0,1.0,0.0
225,-0.0709910045622432,-0.0361365713661569,0.194,0.806,0.0
26,-0.079132758768941,-0.0554226091254427,0.0,1.0,0.0
954,-0.0565439218798471,-0.0324812810565619,0.0,0.513,0.487
437,-0.0622501455946737,-0.0547542086077139,0.0,1.0,0.0
951,0.2576806722645295,-0.0179443287598427,0.0,0.667,0.333
364,-0.1020553679970927,0.1660860534260373,0.0,1.0,0.0
229,-0.0768056717177789,-0.0168764563251573,0.0,1.0,0.0
37,-0.0614450374460794,-0.050173537039113,0.0,0.278,0.722
965,-0.0553071756780999,0.0044245708226018,0.0,1.0,0.0
374,-0.0686370950649124,-0.0550206688294088,0.0,0.849,0.151
469,-0.0672913783889156,-0.0606130279382054,0.0,1.0,0.0
967,-0.0712674860898279,-0.0610500155353301,0.0,1.0,0.0
850,-0.070443140338597,-0.0609896989484891,0.63,0.37,0.0
704,-0.0672217029629942,-0.0501485786944573,0.0,1.0,0.0
841,0.6375242979071443,0.0821887199211086,0.0,0.692,0.308
194,-0.0849194950415734,-0.0694368832790351,0.0,1.0,0.0
854,-0.1232761897097656,0.2203680268970715,0.0,1.0,0.0
864,-0.019412325152983,0.0941898585829661,0.0,0.552,0.448
503,-0.0672217029181932,-0.050148562947912,0.0,0.0,1.0
969,-0.0672217029519637,-0.0501486192327899,0.0,1.0,0.0
830,-0.0825332632725786,-0.0649440824692328,0.0,1.0,0.0
579,-0.0071322827746456,0.1758320326122137,0.0,0.562,0.438
968,0.3307601740176086,0.0197592233081821,0.0,0.833,0.167
162,-0.070804076461096,-0.0618249452442394,0.0,1.0,0.0
908,-0.0677043859166362,-0.0541833127494406,0.0,1.0,0.0
152,-0.0745076802270629,-0.056325997167935,0.0,0.734,0.266
801,0.1285292141222853,-0.0246398706110766,0.0,0.8,0.2
993,-0.0667024321645169,-0.0622555954393084,0.286,0.714,0.0
755,-0.0715167133148814,-0.0404546144891412,0.0,1.0,0.0
111,0.1293980501218653,-0.0192581116712162,0.0,0.846,0.154
226,-0.0527225279640849,0.0358283391585849,0.0,1.0,0.0
688,0.0277661482553578,0.0308857299263856,0.0,1.0,0.0
103,0.2281187241154759,0.0224353398206739,0.0,0.602,0.398
421,-0.0687102216275546,-0.0532801848932028,0.0,1.0,0.0
419,-0.0885894789032479,-0.0947541263363316,0.0,0.909,0.091
750,-0.0679859096788493,-0.0669035095364301,0.0,0.733,0.267
586,0.1211084468729349,-0.0327542407950784,0.0,0.857,0.143
780,-0.0963565595235227,0.1003075118095754,0.0,1.0,0.0
672,-0.0684766681515047,-0.054787406916765,0.0,0.408,0.592
119,-0.0847609150693037,-0.0691950651314095,0.0,0.508,0.492
53,-0.0782857124124081,-0.084779042455783,0.0,1.0,0.0
151,-0.0569854438924866,-0.034992822114312,0.0,0.612,0.388
403,-0.0665876022182044,-0.066021876430863,0.0,1.0,0.0
945,-0.0760591114970088,-0.0559685234246912,0.0,0.714,0.286
207,-0.0671353928714821,-0.062437318190371,0.0,1.0,0.0
658,-0.0720349202561268,-0.0656430990016143,0.496,0.177,0.327
843,0.2830522077462761,0.0217772942989723,0.0,0.778,0.222
762,-0.0667229802824058,-0.0034180445730407,0.0,1.0,0.0
8,-0.0696148980781359,-0.041047692607641,0.0,1.0,0.0
807,-0.0686761915581284,-0.0468009437349969,0.0,1.0,0.0
36,-0.116848154099948,0.18246197261996,0.0,0.693,0.307
452,-0.0758511593657526,-0.07097818407055,0.163,0.837,0.0
651,-0.0672134626241694,-0.0614596612668123,0.0,1.0,0.0
253,0.0632948289170077,0.0406583586711832,0.0,0.625,0.375
303,-0.0740834756141888,-0.0610491904454282,0.0,1.0,0.0
746,-0.0744466307331086,-0.0598654439744331,0.0,1.0,0.0
571,-0.0720819975617031,-0.0039474372972794,0.0,1.0,0.0
623,-0.0747460842916411,-0.0747181758419589,0.0,0.588,0.412
732,-0.0666291219974514,-0.0418620573331491,0.194,0.806,0.0
891,-0.0694331469081575,-0.0585950581566144,0.0,1.0,0.0
262,0.2260128165985799,0.0260939815691795,0.0,0.753,0.247
610,-0.0843568175670321,-0.0045910368727433,0.0,1.0,0.0
297,-0.0715230823247355,-0.0588913072336658,0.0,1.0,0.0
414,-0.0706129666995302,-0.0570955905809874,0.0,0.062,0.938
150,0.201370806933736,-0.0053635968674853,0.0,0.833,0.167
788,-0.0690031361225409,-0.0695367242602719,0.0,1.0,0.0
640,-0.1421049807727561,0.3255563814674248,0.0,1.0,0.0
889,0.2085205140408109,-0.0402653818871394,0.0,0.778,0.222
550,0.4683656008639976,0.0447530884494021,0.0,0.736,0.264
886,-0.07084318195305,-0.0467271099393022,0.0,1.0,0.0
488,-0.0648329003310086,-0.0390555388492958,0.054,0.807,0.139
147,-0.0730236505979874,-0.0760136444096615,0.0,1.0,0.0
146,-0.0936736915141204,0.085293090777469,0.0,1.0,0.0
720,-0.0703009890022261,-0.057961020877775,0.0,1.0,0.0
931,-0.1077464942018119,0.1131030231720518,0.0,1.0,0.0
739,-0.0710754731076512,-0.0409388259079838,0.0,1.0,0.0
659,-0.0679132649981582,-0.0481161545949914,0.0,1.0,0.0
348,-0.0601145447137494,-0.0565865299175833,0.0,0.513,0.487
463,0.2600475698461724,0.0324463896485201,0.0,0.8,0.2
325,-0.0707938737887296,0.0090860045910623,0.0,1.0,0.0
186,-0.0841795838629751,-0.0902130914681892,0.313,0.687,0.0
123,-0.0582474800800326,-0.0175364546547806,0.0,0.638,0.362
853,-0.1272041679308593,0.2459173053350836,0.0,1.0,0.0
608,0.3010302980831467,0.0385452504333632,0.0,0.777,0.223
143,-0.0787822809484192,-0.0841755069433938,0.0,1.0,0.0
958,-0.1245118787408781,0.2385357182629437,0.0,1.0,0.0
197,-0.0905616854299845,0.0892445495390295,0.477,0.523,0.0
609,0.2358813591124051,-0.0348558799853087,0.0,0.857,0.143
279,0.0384463264271607,-0.0440460119522166,0.0,0.53,0.47
293,-0.0574298734125335,-0.0595904759211995,0.0,1.0,0.0
400,-0.0725782507952888,-0.0208118752641537,0.0,1.0,0.0
122,-0.0760213988251679,-0.0288885316227608,0.512,0.488,0.0
183,0.4105968336693326,0.1016874129765119,0.0,0.588,0.412
202,0.2815790126660291,0.0057356960211461,0.0,0.606,0.394
438,-0.1027633034767016,0.1125859005343169,0.254,0.746,0.0
246,-0.0686962515170892,-0.0536184362257055,0.0,0.69,0.31
415,-0.0954658954934866,0.0967016449519014,0.0,1.0,0.0
932,-0.0668366250302622,-0.0514465378063663,0.0,1.0,0.0
765,0.3117476077333633,-0.0034469817188478,0.0,0.6,0.4
906,0.1805080060086591,0.0120281849642092,0.0,0.714,0.286
835,0.1845303768392455,-0.0251157894062261,0.0,0.778,0.222
887,0.0399866615638489,-0.0471457281898638,0.0,0.721,0.279
129,-0.0680174358396832,-0.0581689578537224,0.0,0.518,0.482
637,0.1415669591581777,-0.0120379024138731,0.0,0.818,0.182
402,-0.0698220973918352,-0.0513657730511818,0.0,1.0,0.0
784,-0.0500254409357819,0.0046746850312985,0.0,1.0,0.0
770,-0.0669532760712523,-0.0447370659996518,0.0,0.8,0.2
735,-0.0714292428513242,-0.0523537700129725,0.0,1.0,0.0
913,-0.0672217029452839,-0.0501485789670977,0.0,1.0,0.0
219,-0.0661069382063148,-0.0524666006021777,0.0,1.0,0.0
641,0.2360903784049179,0.0200218793769246,0.0,0.778,0.222
915,-0.0723437221041461,-0.0247466574710576,0.0,1.0,0.0
752,-0.0658027792714251,-0.0531173749571802,0.0,1.0,0.0
806,-0.074092490323539,-0.0589705922300516,0.307,0.693,0.0
919,-0.0713942437355862,-0.0334023540097523,0.0,1.0,0.0
624,0.171668241197455,-0.0327013732969066,0.0,0.818,0.182
874,-0.1025397334398104,0.1813589247622291,0.0,1.0,0.0
760,-0.0949020321064615,0.1949192178699726,0.0,1.0,0.0
386,-0.0815418944649238,-0.0308829211542057,0.0,0.875,0.125
972,-0.0739299122159792,-0.072318126335013,0.0,1.0,0.0
509,0.0149884017898967,-0.0193948782611711,0.0,1.0,0.0
267,-0.0754550929567605,-0.0597381324004584,0.231,0.769,0.0
819,-0.1331000043289758,0.2470718150490881,0.0,1.0,0.0
441,-0.075213690966558,-0.0659080674879829,0.0,1.0,0.0
496,-0.0708861131987606,-0.0406514035918178,0.0,0.444,0.556
112,-0.0043225819374188,-0.0516817556302819,0.0,1.0,0.0
691,-0.0728206846678006,-0.0286620479352762,0.0,0.698,0.302
232,-0.0685740380374367,-0.0476724030690184,0.0,1.0,0.0
869,0.2134626409781918,0.0153510484271724,0.0,0.833,0.167
607,0.327571762554851,0.0224247839663497,0.0,0.778,0.222
671,-0.07388950285188,0.061377523700457,0.0,1.0,0.0
373,0.1808979556195778,0.0034321602998032,0.0,0.496,0.504
981,-0.0877135996692648,0.2097659028233454,0.0,1.0,0.0
842,-0.0751598569621531,-0.0381670438829788,0.223,0.777,0.0
233,-0.0844025950719914,-0.0690755468098542,0.0,0.334,0.666
785,-0.0693134344229325,-0.0484064382044179,0.0,0.615,0.385
676,0.1332926978732306,-0.0274240872489259,0.0,0.778,0.222
317,-0.0778114133894741,-0.0805586868864116,0.0,1.0,0.0
648,-0.063598925167102,-0.0643511766227168,0.0,0.421,0.579
410,-0.0698655630108486,-0.0577704316216902,0.0,0.465,0.535
898,-0.1213415716299712,0.2191098814097491,0.0,1.0,0.0
709,-0.1186985374960113,0.1907447314018501,0.0,1.0,0.0
358,-0.0702311895108599,-0.0582232088742626,0.0,1.0,0.0
258,0.3234407206124646,0.0397819401503814,0.0,0.818,0.182
744,-0.1585589821727819,0.492018519304556,0.0,1.0,0.0
627,-0.1455293469378106,0.4319648652791724,0.0,1.0,0.0
632,-0.0764136994419802,-0.0336159525330042,0.0,0.828,0.172
282,0.0059241724032558,-0.0619865925139138,0.133,0.867,0.0
376,-0.0849115073903731,-0.0918536214874537,0.122,0.72,0.158
384,-0.0804772161448497,-0.0746705447850771,0.0,1.0,0.0
224,-0.0796383410054441,-0.0794108122911881,0.0,1.0,0.0
953,-0.06806579874759,-0.0516587014846057,0.0,1.0,0.0
814,-0.075761910547046,-0.0666714011992878,0.0,1.0,0.0
472,-0.0778904620527812,-0.06210126388301,0.0,0.615,0.385
347,-0.0641668405395919,-0.0445832054198279,0.0,1.0,0.0
505,-0.0702221766351766,-0.0539786719519641,0.0,1.0,0.0
639,-0.0672217029266006,-0.0501485784519397,0.0,1.0,0.0
987,-0.1232678632221127,0.2812192997373349,0.0,1.0,0.0
928,-0.1035173358617896,0.1439775006564557,0.0,1.0,0.0
905,-0.1222193302482536,0.1472712853844132,0.0,1.0,0.0
619,-0.0605161440993508,-0.0130200591043208,0.0,0.423,0.577
855,-0.0643873977185858,-0.0442264005337062,0.0,1.0,0.0
803,-0.0678359622022014,-0.0595349530000138,0.583,0.417,0.0
645,0.1682744902251889,-0.0211333764660833,0.0,0.714,0.286
846,-0.0016299523648241,-0.0512633312650696,0.115,0.885,0.0
556,-0.071330409330905,-0.0433753664385407,0.175,0.825,0.0
957,0.1196212850201253,-0.0124844892346272,0.0,0.867,0.133
577,-0.066166538186434,-0.0581820479959391,0.0,1.0,0.0
795,-0.0290617734769427,0.1154442892629581,0.0,0.824,0.176
85,-0.0797799393113364,-0.0798641548502898,0.0,1.0,0.0
242,-0.0730739644000777,-0.0461646302417048,0.165,0.835,0.0
698,-0.0672217028939026,-0.0501485666882315,0.0,0.561,0.439
159,0.0139921579108452,-0.0326418792028485,0.358,0.642,0.0
524,-0.1180051950029151,0.1857788136248241,0.0,0.633,0.367
35,-0.1187545186225683,0.2211193722204871,0.0,1.0,0.0
540,-0.0672217029759045,-0.0501485991214648,0.0,1.0,0.0
170,-0.0831865377889086,-0.0817361649551332,0.167,0.833,0.0
654,-0.0624235637640276,-0.0353766005144052,0.0,1.0,0.0
890,-0.0618747307546996,-0.0716904244408342,0.0,1.0,0.0
857,-0.0598722296374929,-0.0258827505969775,0.0,1.0,0.0
847,0.2926245735889097,0.0100616282534102,0.292,0.531,0.177
944,-0.0778794256821168,-0.0603566267152221,0.0,1.0,0.0
733,-0.0596559847495181,-0.0368110293025394,0.0,1.0,0.0
95,-0.1025131077151045,0.1883075406527859,0.0,1.0,0.0
563,-0.1139916637806612,0.2484022836770994,0.0,0.69,0.31
240,-0.0829959689158242,-0.0678424612492706,0.0,0.863,0.137
742,0.0420539937864209,-0.0104978641478254,0.237,0.661,0.102
574,-0.0672217029123355,-0.0501485252576474,0.0,1.0,0.0
690,0.2828295995481449,0.0099389568621483,0.0,0.778,0.222
460,-0.0713897186561522,-0.0426793724618964,0.0,0.594,0.406
553,-0.075722651034243,-0.0625564091681571,0.0,0.633,0.367
888,-0.0672217029303283,-0.0501485754996504,0.0,1.0,0.0
206,0.3763974638362038,0.0771236687208309,0.0,0.75,0.25
392,0.0896462219101539,-0.0329402587220323,0.0,0.5,0.5
794,-0.0669890618658145,-0.0350607802117881,0.0,1.0,0.0
397,0.0200735782086451,-0.0491225078967598,0.0,0.833,0.167
766,0.6957414938825517,0.0862443306748482,0.0,0.429,0.571
848,0.2154555904513287,-0.0296526588551885,0.0,0.833,0.167
217,0.1865705618212461,-0.0297923664922048,0.0,0.857,0.143
4,0.2090624095281367,-0.0079993602135716,0.0,0.64,0.36
768,0.2221212387878778,-0.0062148987239105,0.0,0.8,0.2
642,-0.1024326676619015,0.1022048929859083,0.119,0.881,0.0
929,-0.0768263567697069,-0.0645600687097729,0.219,0.781,0.0
612,-0.0584174445366515,-0.0092186399130532,0.0,1.0,0.0
738,-0.0637589953967546,-0.0449029686845532,0.0,0.649,0.351
546,-0.0672217029783989,-0.0501485922717968,0.0,1.0,0.0
725,-0.0753640539752416,-0.005832938058193,0.0,1.0,0.0
683,-0.0699771327794106,-0.0453140833862783,0.0,0.87,0.13
98,-0.0808207540083728,-0.0751810635103741,0.0,1.0,0.0
804,0.2111499280415519,-0.015941137343766,0.0,0.622,0.378
727,0.2115918700861354,-0.0278292874310553,0.0,0.75,0.25
573,-0.0673615498003795,-0.0582015880276789,0.247,0.753,0.0
406,-0.0929387007624552,-0.0614406298682074,0.0,1.0,0.0
502,0.195466976231884,0.0133425549469316,0.0,0.667,0.333
47,0.2194464892039556,0.0300801802676831,0.0,0.8,0.2
32,0.282721862318456,-0.01618307202703,0.0,0.777,0.223
779,0.0301755663600626,-0.0226087443665705,0.0,1.0,0.0
839,0.0686850869546485,9.141021395567972e-05,0.0,0.889,0.111
200,-0.0735280388019988,-0.0661420473675784,0.194,0.806,0.0
134,0.1372940233258221,-0.0046524156640529,0.0,0.751,0.249
27,0.2384738676295485,-0.0006511385198724,0.0,0.778,0.222
880,0.1856190349441603,-0.0114553368256693,0.0,0.833,0.167
230,-0.1234945029770362,0.1155092427410532,0.0,1.0,0.0
489,-0.1328755453522403,0.2339273916594823,0.0,1.0,0.0
772,0.1467481688637021,0.0046257604934192,0.0,0.867,0.133
378,-0.0672217030378567,-0.0501485534018437,0.483,0.517,0.0
288,-0.1194676030953194,0.1651987884685085,0.0,1.0,0.0
418,-0.0540063482109358,-0.0430494821269156,0.0,1.0,0.0
674,0.215662022588752,-0.0152767508067475,0.0,0.667,0.333
391,-0.0716621449661921,-0.0333693002948332,0.0,1.0,0.0
592,0.2097028330092734,-0.0352112970764977,0.0,0.833,0.167
498,-0.0977259255678173,0.2337146615981355,0.0,1.0,0.0
138,-0.0672217029922638,-0.0501485791162392,0.5,0.5,0.0
62,-0.0685116883719998,-0.0364646266678488,0.336,0.431,0.233
471,0.1019274199500673,-0.0105893803385739,0.0,0.773,0.227
647,0.0797603848575674,-0.0301259750166676,0.0,0.9,0.1
128,-0.059072984020965,-0.0128176726360175,0.0,1.0,0.0
976,-0.1185062765363281,0.2143753320446474,0.0,1.0,0.0
520,-0.0848165076963897,-0.0687495039876607,0.474,0.526,0.0
838,0.1049638221284207,-0.0563479660902055,0.0,0.745,0.255
962,-0.1038886067725341,0.1354604522788761,0.268,0.732,0.0
64,-0.0672217029498416,-0.050148603943006,0.0,0.476,0.524
812,-0.0650884290672883,-0.0491875613607493,0.0,0.566,0.434
14,-0.0749005736616645,-0.0430211307248111,0.0,1.0,0.0
156,-0.0777113417805333,0.0596299862372948,0.0,0.508,0.492
40,0.1203212199245548,-0.002320215770089,0.0,0.859,0.141
492,0.2142850653003073,0.0162164846448292,0.0,0.635,0.365
379,-0.0645493479007368,-0.0581250052855733,0.0,1.0,0.0
187,-0.0758823170912065,-0.0459141646673865,0.0,1.0,0.0
763,-0.069610118245636,-0.0538951098989388,0.0,1.0,0.0
216,-0.077444424225462,-0.0753563975613241,0.0,1.0,0.0
791,-0.1432996535074245,0.2821895407254191,0.0,1.0,0.0
52,-0.0828779702650287,-0.0992271766856568,0.0,0.683,0.317
878,0.2694790993999125,0.0101886220771729,0.0,0.753,0.247
337,-0.1208599562149009,0.2186203961069449,0.0,1.0,0.0
748,-0.0678758466099463,-0.0571176724665693,0.0,1.0,0.0
719,-0.0900368543497875,0.0733563075182751,0.134,0.792,0.074
724,-0.0838981187940759,-0.0919330927305885,0.0,1.0,0.0
295,-0.0685219191578935,-0.0297637109250112,0.0,0.865,0.135
701,-0.0647649375949542,-0.0106052585290441,0.0,1.0,0.0
251,-0.0734368812216091,-0.0647614659405394,0.0,1.0,0.0
726,-0.0765223544907022,-0.0276937905442301,0.0,1.0,0.0
461,-0.1369436442016784,0.3085872328173877,0.0,1.0,0.0
455,-0.0672217029486188,-0.0501485732640272,0.0,1.0,0.0
996,-0.0771941984837647,-0.0794332937438253,0.0,1.0,0.0
815,-0.0683759945883267,-0.0580733743871828,0.0,1.0,0.0
862,-0.0997238119203425,0.0402277235711844,0.146,0.854,0.0
269,-0.0748590598132815,-0.0315328434786351,0.0,1.0,0.0
201,-0.0711861712885531,-0.0550909032751821,0.0,1.0,0.0
161,0.1572103141111643,-0.0215035152309065,0.0,0.664,0.336
555,-0.0705559522273147,-0.0421510440830259,0.0,1.0,0.0
729,-0.0701369347496872,-0.0639065660053141,0.0,1.0,0.0
401,-0.0861076611408834,-0.0763053168382677,0.0,1.0,0.0
702,-0.0697921761306845,-0.0450578988747965,0.0,0.588,0.412
476,0.1215384096758673,-0.0178859525901124,0.171,0.719,0.11
821,0.2372422822186853,0.0030450094693012,0.0,0.818,0.182
771,-0.0659130570024992,-0.0430057026688684,0.0,1.0,0.0
105,-0.0727537357532703,-0.0673931090323967,0.0,1.0,0.0
565,-0.0846814265018162,-0.1014168069944614,0.0,0.705,0.295
389,-0.002521402920866,0.2097895261634217,0.0,1.0,0.0
1,-0.054405421328507,-0.0469319414131384,0.61,0.39,0.0
937,-0.0703056416354608,-0.048672049360235,0.0,0.649,0.351
982,0.1665110539310573,0.0159845071347763,0.0,0.774,0.226
561,0.2483048858212161,-0.0063221203831282,0.0,0.778,0.222
80,-0.0706224810244507,-0.062185521323623,0.457,0.543,0.0
205,0.2646917848403672,0.0105218470570056,0.0,0.325,0.675
34,-0.0561150079335368,-0.0442663384246005,0.0,1.0,0.0
775,0.2648916844449522,0.0196943367282484,0.0,0.778,0.222
508,0.0594924239500965,-0.0457891345870613,0.0,0.635,0.365
427,0.0137560330520241,-0.0321160178716031,0.0,0.839,0.161
454,-0.0689009562304092,-0.0537753121118868,0.0,1.0,0.0
366,-0.1109539405057392,0.180564277564966,0.0,1.0,0.0
91,-0.0703322083419553,-0.0303128741755898,0.0,1.0,0.0
339,0.2340612305458689,0.0043726608285199,0.0,0.778,0.222
897,-0.0609167122012475,-0.0465724124107355,0.0,1.0,0.0
564,0.2844454473287344,0.0303958320677147,0.0,0.75,0.25
345,-0.0729353469942875,-0.0515769315258441,0.0,1.0,0.0
776,-0.0699009299446725,-0.0547861912971772,0.0,0.469,0.531
241,-0.057795445263235,-0.0519835060850147,0.0,0.633,0.367
13,-0.0718053387557567,-0.0621159694538661,0.284,0.459,0.257
315,0.1767946228316633,-0.0023536592694658,0.0,0.875,0.125
600,0.0123493966843439,-0.0395649905693438,0.0,1.0,0.0
387,-0.0719873076577001,-0.0588120442582276,0.697,0.303,0.0
273,0.3454144134471453,0.066231276308374,0.0,0.75,0.25
166,0.5648687994623179,0.0269332424832469,0.0,0.686,0.314
840,0.1823981348258285,-0.0102713885245607,0.0,0.857,0.143
992,-0.1188326681358164,0.2076907864669282,0.0,1.0,0.0
646,-0.0775858204755281,-0.0768466443432818,0.0,1.0,0.0
818,-0.0644422921158397,-0.0315018652326783,0.0,1.0,0.0
484,-0.0637109903133272,-0.0521020657496796,0.688,0.312,0.0
980,0.2427402891362745,-0.0144448686033339,0.0,0.667,0.333
504,-0.0727349355822487,-0.0596400768100177,0.0,1.0,0.0
831,0.0048188198960291,-0.0231300579839197,0.0,0.863,0.137
243,0.009498452776566,-0.0194852647429175,0.0,0.857,0.143
566,0.530779479773775,0.0881572378656537,0.0,0.667,0.333
875,-0.1316359145550552,0.2669028962738865,0.0,1.0,0.0
562,-0.0610464672980987,-0.0476197156463848,0.0,1.0,0.0
686,-0.0672081477913782,-0.0957502339553915,0.0,1.0,0.0
189,-0.0770020645784096,-0.0790474520291798,0.0,0.403,0.597
782,-0.1257688523703123,0.2650508621636578,0.0,0.734,0.266
699,-0.0082370459024732,-0.0372073711821637,0.386,0.468,0.146
475,-0.0621156053503697,0.0026588474716728,0.0,1.0,0.0
681,-0.0753775687857592,-0.0301401958308641,0.0,0.707,0.293
510,0.2600916957063014,0.0045159939259519,0.0,0.846,0.154
58,0.2580910550153728,0.0136860196963021,0.0,0.846,0.154
474,-0.0776345522104809,-0.0756869731391413,0.0,1.0,0.0
560,-0.0704671775088466,-0.0673909163234986,0.0,1.0,0.0
856,-0.0649520960171385,-0.0703329660080433,0.0,1.0,0.0
747,-0.0627382409336552,-0.0402676883309416,0.0,1.0,0.0
252,-0.0777280705194145,-0.0496796081174784,0.0,1.0,0.0
21,0.3151151296262481,0.0479805663815688,0.0,0.62,0.38
313,0.4486699840445297,0.0442318705867011,0.0,0.667,0.333
459,-0.061355681789319,0.0264108987014232,0.0,1.0,0.0
160,-0.1267936404747313,0.2502905424454897,0.0,0.406,0.594
276,-0.0779287742545901,-0.0810768656661573,0.0,1.0,0.0
955,-0.0713836872315676,-0.0705895750226615,0.0,0.7,0.3
191,-0.0633190208118902,-0.0521197564886933,0.0,1.0,0.0
385,-0.0649883535403274,-0.0555588239931035,0.0,1.0,0.0
805,-0.0748331826906253,-0.0692809766551402,0.438,0.562,0.0
413,-0.0737821573405329,-0.0019274061935615,0.0,1.0,0.0
491,-0.0727832241823125,-0.0658451198148531,0.0,1.0,0.0
343,0.3641349344124554,0.0759222427628101,0.0,0.857,0.143
769,0.0144541042994371,-0.0646586226185867,0.0,0.875,0.125
308,-0.0741222063485338,-0.0110970113469663,0.0,1.0,0.0
661,-0.0747063219822855,-0.0299822988293484,0.0,1.0,0.0
130,0.2439840346594761,-0.0137822005760106,0.0,0.846,0.154
663,-0.0768665730459704,-0.0630524486452207,0.0,1.0,0.0
871,-0.1567413124934256,0.4797155825412902,0.0,1.0,0.0
99,-0.0577839041033318,-0.045655579146024,0.312,0.312,0.375
372,-0.0699667018323124,-0.0629143531692717,0.0,1.0,0.0
87,-0.0855537886322632,-0.0825298897339722,0.0,1.0,0.0
458,-0.053870998530324,-0.0024774301312874,0.0,0.543,0.457
330,-0.0691907586009609,-0.054058011662115,0.0,1.0,0.0
214,-0.0758959522723832,-0.0706364635746214,0.0,0.649,0.351
466,-0.0742298979808917,-0.067354824147669,0.0,1.0,0.0
121,-0.0698240080683364,-0.0634613002014364,0.234,0.519,0.247
614,-0.0714729850970665,-0.0681082303741602,0.0,1.0,0.0
20,-0.0766235029160462,-0.0519833223809988,0.0,0.822,0.178
700,0.0411298985928874,-0.0237685870080763,0.069,0.931,0.0
71,-0.0725622040950665,-0.0667188876812627,0.0,0.436,0.564
106,-0.0744170999703647,-0.0478695649935223,0.0,0.901,0.099
270,-0.0713732848070452,-0.0447551042229995,0.0,1.0,0.0
860,-0.0742612304814749,-0.0446718123935438,0.0,1.0,0.0
435,-0.0866222489578749,0.0951530956338802,0.109,0.891,0.0
102,-0.0681796925769273,-0.062027250630832,0.0,1.0,0.0
